Workbook

Sheet A_實驗計畫
A1: AOI-1 更換 DUC 電磁閥後 — 兩台 DUC 比對實驗計畫
A2: 背景：廠商與 RD 交叉確認 AOI-1 控制 DUC 氣量的電磁閥與 AOI-2 不同（AOI-1 流量較小），已請購同規格電磁閥。本計畫用於換閥後驗證兩台是否一致，作為驗收第22項「機台差異性」之判定依據。
A3: ◤ 目的：確認換閥後兩台 DUC「清潔力」是否一致。
A4: 一、換閥前的證據（為何懷疑 DUC）
B5: 資料 | C5: 觀察 | D5: 代表意義
B6: 實驗5 交叉清潔 | C6: 771A7：AOI-1 先吹飽和 86 → AOI-2 再吹降到 77（再少 10%） 880F0：AOI-2 先吹飽和 176 → AOI-1 再吹 174（只少 1%） | D6: AOI-2 吹得掉 AOI-1 留下的顆粒，反之不行 → AOI-1 DUC 較弱
B7: 實驗4（25片） | C7: AOI-1 系統性比 AOI-2 高 8.7%（8/20）/ 14.2%（8/21） 低粒子片差 +10~27%、高粒子片僅 +3~7% | D7: 像「每次多留一些未吹掉的微塵」，低粒子片最明顯
B8: 廠商確認 | C8: AOI-1 電磁閥規格不同、流量較小 | D8: 與上述數據方向一致
A9: 二、實驗架構
B10: 部分 | C10: 要回答的問題 | D10: 用哪些片 | E10: 做法摘要 | F10: 約需時間
B11: DUC 清潔力比對 | C11: 兩台 DUC 吹掉顆粒的能力是否一致 | D11: 「新片」12 片（從未上過 AOI） 低/中/高粒子各 4 片 | E11: 先 DUC 關量（偵測比對）→ 再 DUC 開交叉清潔（6 片 AOI-1 先吹、6 片 AOI-2 先吹） | F11: 約 1 天
B12: ★ 為什麼 一定要用「新片」：已被 DUC 吹過多次、鬆散微塵早已吹光（重複量測只差 1%），再吹也看不出清潔力差異；必須用從未上過 AOI 的片子，才有可被吹掉的顆粒。
A13: 三、實驗流程（DUC 清潔力交叉比對）
B14: 步驟0 選片 | C14: 取一盒（約 25~30 片）從未上過 AOI 的新片，以「DUC 關」在 AOI-2、AOI-1 各量 1 次，依兩台平均值分級（綜合分級）：低 50~150、中 250~600、高 ≥800，每級挑 4 片共 12 片。兩台差異 ≥10% 時自動標紅，照常記錄不重量，由品管課及工程部判定。此次 AOI-2、AOI-1 量測值直接作為步驟1 的 AOI-2①、AOI-1① 紀錄。
B15: 步驟0 分組 | C15: 每級 4 片依平均值排序，第1、4片→G1（AOI-1 先吹），第2、3片→G2（AOI-2 先吹），使兩組粒子數相當。填入「B_選片」分頁。
B16: 步驟1 DUC關 | C16: 兩台都關 DUC，12 片依 AOI-2① → AOI-1① → AOI-1② → AOI-2② 順序（共 4 趟）；①兩趟沿用步驟0 選片量測值（自動帶入），只需再量 AOI-1② → AOI-2②。目的：比偵測差、建立每片「未清潔」基準。
B17: 步驟2 DUC開 | C17: 兩台都開 DUC，每片各吹 1 次共 3 趟：G1 AOI-1 → AOI-2 → AOI-1；G2 AOI-2 → AOI-1 → AOI-2。兩組可同時在兩台跑再對調。
B18: 判讀邏輯 | C18: 第1趟＝先吹機台首道清潔效果；第2趟換另一台，若明顯再變少＝另一台吹得掉先吹機台留下的顆粒（交叉殘留去除率）；第3趟回先吹機台，看是否還能再吹掉（回吹去除率）。第2趟為另一台讀值，計算前依該片 DUC 關時兩台讀值比換算成先吹機台尺度，以排除兩台偵測差。
A19: 四、判定基準（建議值，可與廠商協議調整）
B20: 代號 | C20: 指標 | D20: 換閥前 | E20: 合格基準
B21: B1 | C21: DUC 關時兩台偵測差（12片平均） | D21: −4.7% / +4.7%（2片） | E21: |差| ≤ 5%
B22: B2 | C22: 首道清潔去除率差（AOI-1 vs AOI-2） | D22: 約 26% vs 41%（不同片） | E22: 差 ≤ 5 個百分點
B23: B3 | C23: 交叉殘留去除率（後吹機台再吹掉的比例） | D23: AOI-2 後吹 10%；AOI-1 後吹 1% | E23: 兩方向皆 ≤ 5%
B24: 全部合格 → 建議第22項「機台差異性」改判合格；B3 不合格 → 代表清潔力仍不一致，需請廠商再調氣量。
A25: 五、執行注意事項
B26: ● 實驗前請廠商提供兩台 DUC 實測氣量／壓力值與電磁閥料號（換閥後），並確認兩台 DUC 軟體參數（吹氣時間、壓力設定）相同——這是最直接的工程證據。
B27: ● 每次開工先用 2~3 片陪測片各跑一次暖機，不計入數據（避開穩定性實驗中的首日／首讀效應）。
B28: ● 全程使用同一個量測配方（TEST）、同一位人員，盡量同一天完成同一步驟；記錄每筆「耗時」以便抓異常（例：先前出現過 728 秒的異常掃描）。
B29: ● 新片「一旦開 DUC 吹過就不能再當新片」：步驟1（DUC 關）務必在步驟2 之前完成，順序不可顛倒。
B30: ● 若電磁閥尚未安裝，強烈建議先用另一批新片（可精簡為 6 片）跑一次本實驗作「換閥前基準」，換閥後再跑一次，前後比較最有說服力。
B31: ● 原始資料請依現行方式存放（機台 OutputList.csv），紀錄表只需填缺陷總數，分析由工程部完成。

Sheet B_選片
A1: 步驟0：新片篩選與分組
A2: 新片（從未上過 AOI）以 DUC 關在 AOI-2、AOI-1 各量 1 次，分別填 D、E 欄。依兩台平均值判定綜合分級：低 50~150、中 250~600、高 ≥800；兩台差異 ≥10% 時該列標紅，照常記錄、不重量。每級選 4 片，依平均值排序後 第1、4片→G1（AOI-1 先吹），第2、3片→G2（AOI-2 先吹）。
B3: No | C3: 刻號 | D3: DUC關 篩選值 AOI-1 | E3: DUC關 篩選值 AOI-2 | F3: 分級 AOI-1 | G3: 分級 AOI-2 | H3: 平均值 (AOI-1,2) | I3: 兩邊差異 % | J3: 綜合分級 | K3: 組別 | L3: 備註 | N3: 差異警示門檻 | O3: 0.1
B4: 1 | C4: NX65120(範例，請刪掉) | D4: 50 | E4: 55 | F4: =IF(D4="","",IF(D4>=800,"高",IF(D4>=250,IF(D4<=600,"中","—"),IF(D4>=50,IF(D4<=150,"低","—"),"—")))) -> 低 | G4: =IF(E4="","",IF(E4>=800,"高",IF(E4>=250,IF(E4<=600,"中","—"),IF(E4>=50,IF(E4<=150,"低","—"),"—")))) -> 低 | H4: =IF(OR(D4="",E4=""),"",AVERAGE(D4,E4)) -> 52.5 | I4: =IF(OR(H4="",H4=0),"",ABS(D4-E4)/H4) -> 0.095238095 | J4: =IF(H4="","",IF(H4>=800,"高",IF(H4>=250,IF(H4<=600,"中","—"),IF(H4>=50,IF(H4<=150,"低","—"),"—")))) -> 低 | N4: 差異%＝|AOI-1−AOI-2| ÷ 平均值；達門檻（≥）時該列 D~J 標紅。可改 O3。
B5: 2 | F5: =IF(D5="","",IF(D5>=800,"高",IF(D5>=250,IF(D5<=600,"中","—"),IF(D5>=50,IF(D5<=150,"低","—"),"—")))) | G5: =IF(E5="","",IF(E5>=800,"高",IF(E5>=250,IF(E5<=600,"中","—"),IF(E5>=50,IF(E5<=150,"低","—"),"—")))) | H5: =IF(OR(D5="",E5=""),"",AVERAGE(D5,E5)) | I5: =IF(OR(H5="",H5=0),"",ABS(D5-E5)/H5) | J5: =IF(H5="","",IF(H5>=800,"高",IF(H5>=250,IF(H5<=600,"中","—"),IF(H5>=50,IF(H5<=150,"低","—"),"—"))))
B6: 3 | F6: =IF(D6="","",IF(D6>=800,"高",IF(D6>=250,IF(D6<=600,"中","—"),IF(D6>=50,IF(D6<=150,"低","—"),"—")))) | G6: =IF(E6="","",IF(E6>=800,"高",IF(E6>=250,IF(E6<=600,"中","—"),IF(E6>=50,IF(E6<=150,"低","—"),"—")))) | H6: =IF(OR(D6="",E6=""),"",AVERAGE(D6,E6)) | I6: =IF(OR(H6="",H6=0),"",ABS(D6-E6)/H6) | J6: =IF(H6="","",IF(H6>=800,"高",IF(H6>=250,IF(H6<=600,"中","—"),IF(H6>=50,IF(H6<=150,"低","—"),"—"))))
B7: 4 | F7: =IF(D7="","",IF(D7>=800,"高",IF(D7>=250,IF(D7<=600,"中","—"),IF(D7>=50,IF(D7<=150,"低","—"),"—")))) | G7: =IF(E7="","",IF(E7>=800,"高",IF(E7>=250,IF(E7<=600,"中","—"),IF(E7>=50,IF(E7<=150,"低","—"),"—")))) | H7: =IF(OR(D7="",E7=""),"",AVERAGE(D7,E7)) | I7: =IF(OR(H7="",H7=0),"",ABS(D7-E7)/H7) | J7: =IF(H7="","",IF(H7>=800,"高",IF(H7>=250,IF(H7<=600,"中","—"),IF(H7>=50,IF(H7<=150,"低","—"),"—"))))
B8: 5 | F8: =IF(D8="","",IF(D8>=800,"高",IF(D8>=250,IF(D8<=600,"中","—"),IF(D8>=50,IF(D8<=150,"低","—"),"—")))) | G8: =IF(E8="","",IF(E8>=800,"高",IF(E8>=250,IF(E8<=600,"中","—"),IF(E8>=50,IF(E8<=150,"低","—"),"—")))) | H8: =IF(OR(D8="",E8=""),"",AVERAGE(D8,E8)) | I8: =IF(OR(H8="",H8=0),"",ABS(D8-E8)/H8) | J8: =IF(H8="","",IF(H8>=800,"高",IF(H8>=250,IF(H8<=600,"中","—"),IF(H8>=50,IF(H8<=150,"低","—"),"—"))))
B9: 6 | F9: =IF(D9="","",IF(D9>=800,"高",IF(D9>=250,IF(D9<=600,"中","—"),IF(D9>=50,IF(D9<=150,"低","—"),"—")))) | G9: =IF(E9="","",IF(E9>=800,"高",IF(E9>=250,IF(E9<=600,"中","—"),IF(E9>=50,IF(E9<=150,"低","—"),"—")))) | H9: =IF(OR(D9="",E9=""),"",AVERAGE(D9,E9)) | I9: =IF(OR(H9="",H9=0),"",ABS(D9-E9)/H9) | J9: =IF(H9="","",IF(H9>=800,"高",IF(H9>=250,IF(H9<=600,"中","—"),IF(H9>=50,IF(H9<=150,"低","—"),"—"))))
B10: 7 | F10: =IF(D10="","",IF(D10>=800,"高",IF(D10>=250,IF(D10<=600,"中","—"),IF(D10>=50,IF(D10<=150,"低","—"),"—")))) | G10: =IF(E10="","",IF(E10>=800,"高",IF(E10>=250,IF(E10<=600,"中","—"),IF(E10>=50,IF(E10<=150,"低","—"),"—")))) | H10: =IF(OR(D10="",E10=""),"",AVERAGE(D10,E10)) | I10: =IF(OR(H10="",H10=0),"",ABS(D10-E10)/H10) | J10: =IF(H10="","",IF(H10>=800,"高",IF(H10>=250,IF(H10<=600,"中","—"),IF(H10>=50,IF(H10<=150,"低","—"),"—"))))
B11: 8 | F11: =IF(D11="","",IF(D11>=800,"高",IF(D11>=250,IF(D11<=600,"中","—"),IF(D11>=50,IF(D11<=150,"低","—"),"—")))) | G11: =IF(E11="","",IF(E11>=800,"高",IF(E11>=250,IF(E11<=600,"中","—"),IF(E11>=50,IF(E11<=150,"低","—"),"—")))) | H11: =IF(OR(D11="",E11=""),"",AVERAGE(D11,E11)) | I11: =IF(OR(H11="",H11=0),"",ABS(D11-E11)/H11) | J11: =IF(H11="","",IF(H11>=800,"高",IF(H11>=250,IF(H11<=600,"中","—"),IF(H11>=50,IF(H11<=150,"低","—"),"—"))))
B12: 9 | F12: =IF(D12="","",IF(D12>=800,"高",IF(D12>=250,IF(D12<=600,"中","—"),IF(D12>=50,IF(D12<=150,"低","—"),"—")))) | G12: =IF(E12="","",IF(E12>=800,"高",IF(E12>=250,IF(E12<=600,"中","—"),IF(E12>=50,IF(E12<=150,"低","—"),"—")))) | H12: =IF(OR(D12="",E12=""),"",AVERAGE(D12,E12)) | I12: =IF(OR(H12="",H12=0),"",ABS(D12-E12)/H12) | J12: =IF(H12="","",IF(H12>=800,"高",IF(H12>=250,IF(H12<=600,"中","—"),IF(H12>=50,IF(H12<=150,"低","—"),"—"))))
B13: 10 | F13: =IF(D13="","",IF(D13>=800,"高",IF(D13>=250,IF(D13<=600,"中","—"),IF(D13>=50,IF(D13<=150,"低","—"),"—")))) | G13: =IF(E13="","",IF(E13>=800,"高",IF(E13>=250,IF(E13<=600,"中","—"),IF(E13>=50,IF(E13<=150,"低","—"),"—")))) | H13: =IF(OR(D13="",E13=""),"",AVERAGE(D13,E13)) | I13: =IF(OR(H13="",H13=0),"",ABS(D13-E13)/H13) | J13: =IF(H13="","",IF(H13>=800,"高",IF(H13>=250,IF(H13<=600,"中","—"),IF(H13>=50,IF(H13<=150,"低","—"),"—"))))
B14: 11 | F14: =IF(D14="","",IF(D14>=800,"高",IF(D14>=250,IF(D14<=600,"中","—"),IF(D14>=50,IF(D14<=150,"低","—"),"—")))) | G14: =IF(E14="","",IF(E14>=800,"高",IF(E14>=250,IF(E14<=600,"中","—"),IF(E14>=50,IF(E14<=150,"低","—"),"—")))) | H14: =IF(OR(D14="",E14=""),"",AVERAGE(D14,E14)) | I14: =IF(OR(H14="",H14=0),"",ABS(D14-E14)/H14) | J14: =IF(H14="","",IF(H14>=800,"高",IF(H14>=250,IF(H14<=600,"中","—"),IF(H14>=50,IF(H14<=150,"低","—"),"—"))))
B15: 12 | F15: =IF(D15="","",IF(D15>=800,"高",IF(D15>=250,IF(D15<=600,"中","—"),IF(D15>=50,IF(D15<=150,"低","—"),"—")))) | G15: =IF(E15="","",IF(E15>=800,"高",IF(E15>=250,IF(E15<=600,"中","—"),IF(E15>=50,IF(E15<=150,"低","—"),"—")))) | H15: =IF(OR(D15="",E15=""),"",AVERAGE(D15,E15)) | I15: =IF(OR(H15="",H15=0),"",ABS(D15-E15)/H15) | J15: =IF(H15="","",IF(H15>=800,"高",IF(H15>=250,IF(H15<=600,"中","—"),IF(H15>=50,IF(H15<=150,"低","—"),"—"))))
B16: 13 | F16: =IF(D16="","",IF(D16>=800,"高",IF(D16>=250,IF(D16<=600,"中","—"),IF(D16>=50,IF(D16<=150,"低","—"),"—")))) | G16: =IF(E16="","",IF(E16>=800,"高",IF(E16>=250,IF(E16<=600,"中","—"),IF(E16>=50,IF(E16<=150,"低","—"),"—")))) | H16: =IF(OR(D16="",E16=""),"",AVERAGE(D16,E16)) | I16: =IF(OR(H16="",H16=0),"",ABS(D16-E16)/H16) | J16: =IF(H16="","",IF(H16>=800,"高",IF(H16>=250,IF(H16<=600,"中","—"),IF(H16>=50,IF(H16<=150,"低","—"),"—"))))
... B33: 30 | F33: =IF(D33="","",IF(D33>=800,"高",IF(D33>=250,IF(D33<=600,"中","—"),IF(D33>=50,IF(D33<=150,"低","—"),"—")))) | G33: =IF(E33="","",IF(E33>=800,"高",IF(E33>=250,IF(E33<=600,"中","—"),IF(E33>=50,IF(E33<=150,"低","—"),"—")))) | H33: =IF(OR(D33="",E33=""),"",AVERAGE(D33,E33)) | I33: =IF(OR(H33="",H33=0),"",ABS(D33-E33)/H33) | J33: =IF(H33="","",IF(H33>=800,"高",IF(H33>=250,IF(H33<=600,"中","—"),IF(H33>=50,IF(H33<=150,"低","—"),"—"))))
B35: 「—」＝落在級距之間，不選用。若某級湊不到 4 片，可放寬級距或改用 3 片，並於備註註明。

Sheet C_清潔力紀錄
A1: 步驟1~2：DUC 清潔力交叉比對紀錄
A2: 步驟1（兩台 DUC 關）只需填刻號；分級（綜合分級）及 AOI-2①、AOI-1① 由「B_選片」依刻號自動帶入（綠字，免填）；現場只需再量 AOI-1② → AOI-2②。步驟2（兩台 DUC 開）每片各吹 1 次共 3 趟：G1 AOI-1 → AOI-2 → AOI-1；G2 AOI-2 → AOI-1 → AOI-2，依序填第1、2、3趟。黃底填缺陷總數，右側自動計算。
B3: No | C3: 刻號 | D3: 分級 | E3: 組別 | F3: 第1趟 機台 | G3: DUC關 AOI-2① | H3: DUC關 AOI-1① | I3: DUC關 AOI-1② | J3: DUC關 AOI-2② | K3: DUC開 第1趟 | L3: DUC開 第2趟 | M3: 第2趟 機台 | N3: 第2趟 校正值 | O3: 偵測差% (1−2)/2 | P3: 首道 去除率 | Q3: 交叉殘留 去除率 | R3: 回吹 去除率
B4: 1 | C4: NX65120(範例，請刪掉) | D4: =IF(C4="","",IFERROR(IF(INDEX(B_選片!$J$4:$J$33,MATCH(C4,B_選片!$C$4:$C$33,0))="","",INDEX(B_選片!$J$4:$J$33,MATCH(C4,B_選片!$C$4:$C$33,0))),"查無")) -> 低 | E4: G1 | F4: =IF(E4="G1","AOI-1",IF(E4="G2","AOI-2","")) -> AOI-1 | G4: =IF(C4="","",IFERROR(IF(INDEX(B_選片!$E$4:$E$33,MATCH(C4,B_選片!$C$4:$C$33,0))="","",INDEX(B_選片!$E$4:$E$33,MATCH(C4,B_選片!$C$4:$C$33,0))),"查無")) -> 55 | H4: =IF(C4="","",IFERROR(IF(INDEX(B_選片!$D$4:$D$33,MATCH(C4,B_選片!$C$4:$C$33,0))="","",INDEX(B_選片!$D$4:$D$33,MATCH(C4,B_選片!$C$4:$C$33,0))),"查無")) -> 50 | M4: =IF(F4="AOI-1","AOI-2",IF(F4="AOI-2","AOI-1","")) -> AOI-2 | N4: =IF(OR(L4="",COUNT(G4:J4)<4),"",IF(F4="AOI-1",L4*AVERAGE(H4,I4)/AVERAGE(G4,J4),L4*AVERAGE(G4,J4)/AVERAGE(H4,I4))) | O4: =IF(COUNT(G4:J4)<4,"",(AVERAGE(H4,I4)-AVERAGE(G4,J4))/AVERAGE(G4,J4)) | P4: =IF(OR(K4="",COUNT(G4:J4)<4),"",IF(F4="AOI-1",(AVERAGE(H4,I4)-K4)/AVERAGE(H4,I4),(AVERAGE(G4,J4)-K4)/AVERAGE(G4,J4))) | Q4: =IF(OR(K4="",N4=""),"",(K4-N4)/K4) | R4: =IF(OR(N4="",#REF!=""),"",(N4-#REF!)/N4) -> #REF!
B5: 2 | D5: =IF(C5="","",IFERROR(IF(INDEX(B_選片!$J$4:$J$33,MATCH(C5,B_選片!$C$4:$C$33,0))="","",INDEX(B_選片!$J$4:$J$33,MATCH(C5,B_選片!$C$4:$C$33,0))),"查無")) | E5: G2 | F5: =IF(E5="G1","AOI-1",IF(E5="G2","AOI-2","")) -> AOI-2 | G5: =IF(C5="","",IFERROR(IF(INDEX(B_選片!$E$4:$E$33,MATCH(C5,B_選片!$C$4:$C$33,0))="","",INDEX(B_選片!$E$4:$E$33,MATCH(C5,B_選片!$C$4:$C$33,0))),"查無")) | H5: =IF(C5="","",IFERROR(IF(INDEX(B_選片!$D$4:$D$33,MATCH(C5,B_選片!$C$4:$C$33,0))="","",INDEX(B_選片!$D$4:$D$33,MATCH(C5,B_選片!$C$4:$C$33,0))),"查無")) | M5: =IF(F5="AOI-1","AOI-2",IF(F5="AOI-2","AOI-1","")) -> AOI-1 | N5: =IF(OR(L5="",COUNT(G5:J5)<4),"",IF(F5="AOI-1",L5*AVERAGE(H5,I5)/AVERAGE(G5,J5),L5*AVERAGE(G5,J5)/AVERAGE(H5,I5))) | O5: =IF(COUNT(G5:J5)<4,"",(AVERAGE(H5,I5)-AVERAGE(G5,J5))/AVERAGE(G5,J5)) | P5: =IF(OR(K5="",COUNT(G5:J5)<4),"",IF(F5="AOI-1",(AVERAGE(H5,I5)-K5)/AVERAGE(H5,I5),(AVERAGE(G5,J5)-K5)/AVERAGE(G5,J5))) | Q5: =IF(OR(K5="",N5=""),"",(K5-N5)/K5) | R5: =IF(OR(N5="",#REF!=""),"",(N5-#REF!)/N5) -> #REF!
B7: 3 | D7: =IF(C7="","",IFERROR(IF(INDEX(B_選片!$J$4:$J$33,MATCH(C7,B_選片!$C$4:$C$33,0))="","",INDEX(B_選片!$J$4:$J$33,MATCH(C7,B_選片!$C$4:$C$33,0))),"查無")) | E7: G1 | F7: =IF(E7="G1","AOI-1",IF(E7="G2","AOI-2","")) -> AOI-1 | G7: =IF(C7="","",IFERROR(IF(INDEX(B_選片!$E$4:$E$33,MATCH(C7,B_選片!$C$4:$C$33,0))="","",INDEX(B_選片!$E$4:$E$33,MATCH(C7,B_選片!$C$4:$C$33,0))),"查無")) | H7: =IF(C7="","",IFERROR(IF(INDEX(B_選片!$D$4:$D$33,MATCH(C7,B_選片!$C$4:$C$33,0))="","",INDEX(B_選片!$D$4:$D$33,MATCH(C7,B_選片!$C$4:$C$33,0))),"查無")) | M7: =IF(F7="AOI-1","AOI-2",IF(F7="AOI-2","AOI-1","")) -> AOI-2 | N7: =IF(OR(L7="",COUNT(G7:J7)<4),"",IF(F7="AOI-1",L7*AVERAGE(H7,I7)/AVERAGE(G7,J7),L7*AVERAGE(G7,J7)/AVERAGE(H7,I7))) | O7: =IF(COUNT(G7:J7)<4,"",(AVERAGE(H7,I7)-AVERAGE(G7,J7))/AVERAGE(G7,J7)) | P7: =IF(OR(K7="",COUNT(G7:J7)<4),"",IF(F7="AOI-1",(AVERAGE(H7,I7)-K7)/AVERAGE(H7,I7),(AVERAGE(G7,J7)-K7)/AVERAGE(G7,J7))) | Q7: =IF(OR(K7="",N7=""),"",(K7-N7)/K7) | R7: =IF(OR(N7="",#REF!=""),"",(N7-#REF!)/N7) -> #REF!
B8: 4 | D8: =IF(C8="","",IFERROR(IF(INDEX(B_選片!$J$4:$J$33,MATCH(C8,B_選片!$C$4:$C$33,0))="","",INDEX(B_選片!$J$4:$J$33,MATCH(C8,B_選片!$C$4:$C$33,0))),"查無")) | E8: G2 | F8: =IF(E8="G1","AOI-1",IF(E8="G2","AOI-2","")) -> AOI-2 | G8: =IF(C8="","",IFERROR(IF(INDEX(B_選片!$E$4:$E$33,MATCH(C8,B_選片!$C$4:$C$33,0))="","",INDEX(B_選片!$E$4:$E$33,MATCH(C8,B_選片!$C$4:$C$33,0))),"查無")) | H8: =IF(C8="","",IFERROR(IF(INDEX(B_選片!$D$4:$D$33,MATCH(C8,B_選片!$C$4:$C$33,0))="","",INDEX(B_選片!$D$4:$D$33,MATCH(C8,B_選片!$C$4:$C$33,0))),"查無")) | M8: =IF(F8="AOI-1","AOI-2",IF(F8="AOI-2","AOI-1","")) -> AOI-1 | N8: =IF(OR(L8="",COUNT(G8:J8)<4),"",IF(F8="AOI-1",L8*AVERAGE(H8,I8)/AVERAGE(G8,J8),L8*AVERAGE(G8,J8)/AVERAGE(H8,I8))) | O8: =IF(COUNT(G8:J8)<4,"",(AVERAGE(H8,I8)-AVERAGE(G8,J8))/AVERAGE(G8,J8)) | P8: =IF(OR(K8="",COUNT(G8:J8)<4),"",IF(F8="AOI-1",(AVERAGE(H8,I8)-K8)/AVERAGE(H8,I8),(AVERAGE(G8,J8)-K8)/AVERAGE(G8,J8))) | Q8: =IF(OR(K8="",N8=""),"",(K8-N8)/K8) | R8: =IF(OR(N8="",#REF!=""),"",(N8-#REF!)/N8) -> #REF!
B10: 5 | D10: =IF(C10="","",IFERROR(IF(INDEX(B_選片!$J$4:$J$33,MATCH(C10,B_選片!$C$4:$C$33,0))="","",INDEX(B_選片!$J$4:$J$33,MATCH(C10,B_選片!$C$4:$C$33,0))),"查無")) | E10: G1 | F10: =IF(E10="G1","AOI-1",IF(E10="G2","AOI-2","")) -> AOI-1 | G10: =IF(C10="","",IFERROR(IF(INDEX(B_選片!$E$4:$E$33,MATCH(C10,B_選片!$C$4:$C$33,0))="","",INDEX(B_選片!$E$4:$E$33,MATCH(C10,B_選片!$C$4:$C$33,0))),"查無")) | H10: =IF(C10="","",IFERROR(IF(INDEX(B_選片!$D$4:$D$33,MATCH(C10,B_選片!$C$4:$C$33,0))="","",INDEX(B_選片!$D$4:$D$33,MATCH(C10,B_選片!$C$4:$C$33,0))),"查無")) | M10: =IF(F10="AOI-1","AOI-2",IF(F10="AOI-2","AOI-1","")) -> AOI-2 | N10: =IF(OR(L10="",COUNT(G10:J10)<4),"",IF(F10="AOI-1",L10*AVERAGE(H10,I10)/AVERAGE(G10,J10),L10*AVERAGE(G10,J10)/AVERAGE(H10,I10))) | O10: =IF(COUNT(G10:J10)<4,"",(AVERAGE(H10,I10)-AVERAGE(G10,J10))/AVERAGE(G10,J10)) | P10: =IF(OR(K10="",COUNT(G10:J10)<4),"",IF(F10="AOI-1",(AVERAGE(H10,I10)-K10)/AVERAGE(H10,I10),(AVERAGE(G10,J10)-K10)/AVERAGE(G10,J10))) | Q10: =IF(OR(K10="",N10=""),"",(K10-N10)/K10) | R10: =IF(OR(N10="",#REF!=""),"",(N10-#REF!)/N10) -> #REF!
B11: 6 | D11: =IF(C11="","",IFERROR(IF(INDEX(B_選片!$J$4:$J$33,MATCH(C11,B_選片!$C$4:$C$33,0))="","",INDEX(B_選片!$J$4:$J$33,MATCH(C11,B_選片!$C$4:$C$33,0))),"查無")) | E11: G2 | F11: =IF(E11="G1","AOI-1",IF(E11="G2","AOI-2","")) -> AOI-2 | G11: =IF(C11="","",IFERROR(IF(INDEX(B_選片!$E$4:$E$33,MATCH(C11,B_選片!$C$4:$C$33,0))="","",INDEX(B_選片!$E$4:$E$33,MATCH(C11,B_選片!$C$4:$C$33,0))),"查無")) | H11: =IF(C11="","",IFERROR(IF(INDEX(B_選片!$D$4:$D$33,MATCH(C11,B_選片!$C$4:$C$33,0))="","",INDEX(B_選片!$D$4:$D$33,MATCH(C11,B_選片!$C$4:$C$33,0))),"查無")) | M11: =IF(F11="AOI-1","AOI-2",IF(F11="AOI-2","AOI-1","")) -> AOI-1 | N11: =IF(OR(L11="",COUNT(G11:J11)<4),"",IF(F11="AOI-1",L11*AVERAGE(H11,I11)/AVERAGE(G11,J11),L11*AVERAGE(G11,J11)/AVERAGE(H11,I11))) | O11: =IF(COUNT(G11:J11)<4,"",(AVERAGE(H11,I11)-AVERAGE(G11,J11))/AVERAGE(G11,J11)) | P11: =IF(OR(K11="",COUNT(G11:J11)<4),"",IF(F11="AOI-1",(AVERAGE(H11,I11)-K11)/AVERAGE(H11,I11),(AVERAGE(G11,J11)-K11)/AVERAGE(G11,J11))) | Q11: =IF(OR(K11="",N11=""),"",(K11-N11)/K11) | R11: =IF(OR(N11="",#REF!=""),"",(N11-#REF!)/N11) -> #REF!
B13: 7 | D13: =IF(C13="","",IFERROR(IF(INDEX(B_選片!$J$4:$J$33,MATCH(C13,B_選片!$C$4:$C$33,0))="","",INDEX(B_選片!$J$4:$J$33,MATCH(C13,B_選片!$C$4:$C$33,0))),"查無")) | E13: G1 | F13: =IF(E13="G1","AOI-1",IF(E13="G2","AOI-2","")) -> AOI-1 | G13: =IF(C13="","",IFERROR(IF(INDEX(B_選片!$E$4:$E$33,MATCH(C13,B_選片!$C$4:$C$33,0))="","",INDEX(B_選片!$E$4:$E$33,MATCH(C13,B_選片!$C$4:$C$33,0))),"查無")) | H13: =IF(C13="","",IFERROR(IF(INDEX(B_選片!$D$4:$D$33,MATCH(C13,B_選片!$C$4:$C$33,0))="","",INDEX(B_選片!$D$4:$D$33,MATCH(C13,B_選片!$C$4:$C$33,0))),"查無")) | M13: =IF(F13="AOI-1","AOI-2",IF(F13="AOI-2","AOI-1","")) -> AOI-2 | N13: =IF(OR(L13="",COUNT(G13:J13)<4),"",IF(F13="AOI-1",L13*AVERAGE(H13,I13)/AVERAGE(G13,J13),L13*AVERAGE(G13,J13)/AVERAGE(H13,I13))) | O13: =IF(COUNT(G13:J13)<4,"",(AVERAGE(H13,I13)-AVERAGE(G13,J13))/AVERAGE(G13,J13)) | P13: =IF(OR(K13="",COUNT(G13:J13)<4),"",IF(F13="AOI-1",(AVERAGE(H13,I13)-K13)/AVERAGE(H13,I13),(AVERAGE(G13,J13)-K13)/AVERAGE(G13,J13))) | Q13: =IF(OR(K13="",N13=""),"",(K13-N13)/K13) | R13: =IF(OR(N13="",#REF!=""),"",(N13-#REF!)/N13) -> #REF!
B14: 8 | D14: =IF(C14="","",IFERROR(IF(INDEX(B_選片!$J$4:$J$33,MATCH(C14,B_選片!$C$4:$C$33,0))="","",INDEX(B_選片!$J$4:$J$33,MATCH(C14,B_選片!$C$4:$C$33,0))),"查無")) | E14: G2 | F14: =IF(E14="G1","AOI-1",IF(E14="G2","AOI-2","")) -> AOI-2 | G14: =IF(C14="","",IFERROR(IF(INDEX(B_選片!$E$4:$E$33,MATCH(C14,B_選片!$C$4:$C$33,0))="","",INDEX(B_選片!$E$4:$E$33,MATCH(C14,B_選片!$C$4:$C$33,0))),"查無")) | H14: =IF(C14="","",IFERROR(IF(INDEX(B_選片!$D$4:$D$33,MATCH(C14,B_選片!$C$4:$C$33,0))="","",INDEX(B_選片!$D$4:$D$33,MATCH(C14,B_選片!$C$4:$C$33,0))),"查無")) | M14: =IF(F14="AOI-1","AOI-2",IF(F14="AOI-2","AOI-1","")) -> AOI-1 | N14: =IF(OR(L14="",COUNT(G14:J14)<4),"",IF(F14="AOI-1",L14*AVERAGE(H14,I14)/AVERAGE(G14,J14),L14*AVERAGE(G14,J14)/AVERAGE(H14,I14))) | O14: =IF(COUNT(G14:J14)<4,"",(AVERAGE(H14,I14)-AVERAGE(G14,J14))/AVERAGE(G14,J14)) | P14: =IF(OR(K14="",COUNT(G14:J14)<4),"",IF(F14="AOI-1",(AVERAGE(H14,I14)-K14)/AVERAGE(H14,I14),(AVERAGE(G14,J14)-K14)/AVERAGE(G14,J14))) | Q14: =IF(OR(K14="",N14=""),"",(K14-N14)/K14) | R14: =IF(OR(N14="",#REF!=""),"",(N14-#REF!)/N14) -> #REF!
B16: 9 | D16: =IF(C16="","",IFERROR(IF(INDEX(B_選片!$J$4:$J$33,MATCH(C16,B_選片!$C$4:$C$33,0))="","",INDEX(B_選片!$J$4:$J$33,MATCH(C16,B_選片!$C$4:$C$33,0))),"查無")) | E16: G1 | F16: =IF(E16="G1","AOI-1",IF(E16="G2","AOI-2","")) -> AOI-1 | G16: =IF(C16="","",IFERROR(IF(INDEX(B_選片!$E$4:$E$33,MATCH(C16,B_選片!$C$4:$C$33,0))="","",INDEX(B_選片!$E$4:$E$33,MATCH(C16,B_選片!$C$4:$C$33,0))),"查無")) | H16: =IF(C16="","",IFERROR(IF(INDEX(B_選片!$D$4:$D$33,MATCH(C16,B_選片!$C$4:$C$33,0))="","",INDEX(B_選片!$D$4:$D$33,MATCH(C16,B_選片!$C$4:$C$33,0))),"查無")) | M16: =IF(F16="AOI-1","AOI-2",IF(F16="AOI-2","AOI-1","")) -> AOI-2 | N16: =IF(OR(L16="",COUNT(G16:J16)<4),"",IF(F16="AOI-1",L16*AVERAGE(H16,I16)/AVERAGE(G16,J16),L16*AVERAGE(G16,J16)/AVERAGE(H16,I16))) | O16: =IF(COUNT(G16:J16)<4,"",(AVERAGE(H16,I16)-AVERAGE(G16,J16))/AVERAGE(G16,J16)) | P16: =IF(OR(K16="",COUNT(G16:J16)<4),"",IF(F16="AOI-1",(AVERAGE(H16,I16)-K16)/AVERAGE(H16,I16),(AVERAGE(G16,J16)-K16)/AVERAGE(G16,J16))) | Q16: =IF(OR(K16="",N16=""),"",(K16-N16)/K16) | R16: =IF(OR(N16="",#REF!=""),"",(N16-#REF!)/N16) -> #REF!
B17: 10 | D17: =IF(C17="","",IFERROR(IF(INDEX(B_選片!$J$4:$J$33,MATCH(C17,B_選片!$C$4:$C$33,0))="","",INDEX(B_選片!$J$4:$J$33,MATCH(C17,B_選片!$C$4:$C$33,0))),"查無")) | E17: G2 | F17: =IF(E17="G1","AOI-1",IF(E17="G2","AOI-2","")) -> AOI-2 | G17: =IF(C17="","",IFERROR(IF(INDEX(B_選片!$E$4:$E$33,MATCH(C17,B_選片!$C$4:$C$33,0))="","",INDEX(B_選片!$E$4:$E$33,MATCH(C17,B_選片!$C$4:$C$33,0))),"查無")) | H17: =IF(C17="","",IFERROR(IF(INDEX(B_選片!$D$4:$D$33,MATCH(C17,B_選片!$C$4:$C$33,0))="","",INDEX(B_選片!$D$4:$D$33,MATCH(C17,B_選片!$C$4:$C$33,0))),"查無")) | M17: =IF(F17="AOI-1","AOI-2",IF(F17="AOI-2","AOI-1","")) -> AOI-1 | N17: =IF(OR(L17="",COUNT(G17:J17)<4),"",IF(F17="AOI-1",L17*AVERAGE(H17,I17)/AVERAGE(G17,J17),L17*AVERAGE(G17,J17)/AVERAGE(H17,I17))) | O17: =IF(COUNT(G17:J17)<4,"",(AVERAGE(H17,I17)-AVERAGE(G17,J17))/AVERAGE(G17,J17)) | P17: =IF(OR(K17="",COUNT(G17:J17)<4),"",IF(F17="AOI-1",(AVERAGE(H17,I17)-K17)/AVERAGE(H17,I17),(AVERAGE(G17,J17)-K17)/AVERAGE(G17,J17))) | Q17: =IF(OR(K17="",N17=""),"",(K17-N17)/K17) | R17: =IF(OR(N17="",#REF!=""),"",(N17-#REF!)/N17) -> #REF!
B19: 11 | D19: =IF(C19="","",IFERROR(IF(INDEX(B_選片!$J$4:$J$33,MATCH(C19,B_選片!$C$4:$C$33,0))="","",INDEX(B_選片!$J$4:$J$33,MATCH(C19,B_選片!$C$4:$C$33,0))),"查無")) | E19: G1 | F19: =IF(E19="G1","AOI-1",IF(E19="G2","AOI-2","")) -> AOI-1 | G19: =IF(C19="","",IFERROR(IF(INDEX(B_選片!$E$4:$E$33,MATCH(C19,B_選片!$C$4:$C$33,0))="","",INDEX(B_選片!$E$4:$E$33,MATCH(C19,B_選片!$C$4:$C$33,0))),"查無")) | H19: =IF(C19="","",IFERROR(IF(INDEX(B_選片!$D$4:$D$33,MATCH(C19,B_選片!$C$4:$C$33,0))="","",INDEX(B_選片!$D$4:$D$33,MATCH(C19,B_選片!$C$4:$C$33,0))),"查無")) | M19: =IF(F19="AOI-1","AOI-2",IF(F19="AOI-2","AOI-1","")) -> AOI-2 | N19: =IF(OR(L19="",COUNT(G19:J19)<4),"",IF(F19="AOI-1",L19*AVERAGE(H19,I19)/AVERAGE(G19,J19),L19*AVERAGE(G19,J19)/AVERAGE(H19,I19))) | O19: =IF(COUNT(G19:J19)<4,"",(AVERAGE(H19,I19)-AVERAGE(G19,J19))/AVERAGE(G19,J19)) | P19: =IF(OR(K19="",COUNT(G19:J19)<4),"",IF(F19="AOI-1",(AVERAGE(H19,I19)-K19)/AVERAGE(H19,I19),(AVERAGE(G19,J19)-K19)/AVERAGE(G19,J19))) | Q19: =IF(OR(K19="",N19=""),"",(K19-N19)/K19) | R19: =IF(OR(N19="",#REF!=""),"",(N19-#REF!)/N19) -> #REF!
B20: 12 | D20: =IF(C20="","",IFERROR(IF(INDEX(B_選片!$J$4:$J$33,MATCH(C20,B_選片!$C$4:$C$33,0))="","",INDEX(B_選片!$J$4:$J$33,MATCH(C20,B_選片!$C$4:$C$33,0))),"查無")) | E20: G2 | F20: =IF(E20="G1","AOI-1",IF(E20="G2","AOI-2","")) -> AOI-2 | G20: =IF(C20="","",IFERROR(IF(INDEX(B_選片!$E$4:$E$33,MATCH(C20,B_選片!$C$4:$C$33,0))="","",INDEX(B_選片!$E$4:$E$33,MATCH(C20,B_選片!$C$4:$C$33,0))),"查無")) | H20: =IF(C20="","",IFERROR(IF(INDEX(B_選片!$D$4:$D$33,MATCH(C20,B_選片!$C$4:$C$33,0))="","",INDEX(B_選片!$D$4:$D$33,MATCH(C20,B_選片!$C$4:$C$33,0))),"查無")) | M20: =IF(F20="AOI-1","AOI-2",IF(F20="AOI-2","AOI-1","")) -> AOI-1 | N20: =IF(OR(L20="",COUNT(G20:J20)<4),"",IF(F20="AOI-1",L20*AVERAGE(H20,I20)/AVERAGE(G20,J20),L20*AVERAGE(G20,J20)/AVERAGE(H20,I20))) | O20: =IF(COUNT(G20:J20)<4,"",(AVERAGE(H20,I20)-AVERAGE(G20,J20))/AVERAGE(G20,J20)) | P20: =IF(OR(K20="",COUNT(G20:J20)<4),"",IF(F20="AOI-1",(AVERAGE(H20,I20)-K20)/AVERAGE(H20,I20),(AVERAGE(G20,J20)-K20)/AVERAGE(G20,J20))) | Q20: =IF(OR(K20="",N20=""),"",(K20-N20)/K20) | R20: =IF(OR(N20="",#REF!=""),"",(N20-#REF!)/N20) -> #REF!
B21: 彙總（自動計算）
B22: B1 偵測差（12片平均） | H22: =IFERROR(AVERAGE(O4:O20),"待量測") -> 待量測
B23: B2 首道去除率 — AOI-1 先吹（G1） | H23: =IFERROR(AVERAGEIFS(P4:P20,F4:F20,"AOI-1"),"待量測") -> 待量測
B24: B2 首道去除率 — AOI-2 先吹（G2） | H24: =IFERROR(AVERAGEIFS(P4:P20,F4:F20,"AOI-2"),"待量測") -> 待量測
B25: B3 殘留去除率 — AOI-2 後吹（G1） | H25: =IFERROR(AVERAGEIFS(Q4:Q20,F4:F20,"AOI-1"),"待量測") -> 待量測
B26: B3 殘留去除率 — AOI-1 後吹（G2） | H26: =IFERROR(AVERAGEIFS(Q4:Q20,F4:F20,"AOI-2"),"待量測") -> 待量測
B27: 回吹去除率 — AOI-1 回吹（G1） | H27: =IFERROR(AVERAGEIFS(R4:R20,F4:F20,"AOI-1"),"待量測") -> 待量測
B28: 回吹去除率 — AOI-2 回吹（G2） | H28: =IFERROR(AVERAGEIFS(R4:R20,F4:F20,"AOI-2"),"待量測") -> 待量測
B29: 換閥前參考（實驗5，2片，舊做法每台連吹 3 趟，與本做法不可直接比較）：首道去除率 AOI-1 約 26%（771A7）、AOI-2 約 41%（880F0）；殘留去除率 AOI-2 後吹 10.2%、AOI-1 後吹 1.1%。第2趟在另一台量測，已依該片 DUC 關時兩台讀值比換算成先吹機台尺度（第2趟校正值）再計算交叉殘留、回吹去除率。

Sheet D_判定總表
A1: 換閥後 DUC 比對 — 判定總表（自動帶入）
B2: 代號 | C2: 指標 | D2: 換閥後結果 | E2: 合格基準 | F2: 判定
B3: B1 | C3: DUC 關偵測差 | D3: =C_清潔力紀錄!H22 -> 待量測 | E3: |差| ≤ 5% | F3: =IF(ISNUMBER(D3),IF(ABS(D3)<=0.05,"合格","不合格"),"待量測") -> 待量測
B4: B3 | C4: 殘留去除率 — AOI-2 後吹 | D4: =C_清潔力紀錄!H25 -> 待量測 | E4: ≤ 5% | F4: =IF(ISNUMBER(D4),IF(ABS(D4)<=0.05,"合格","不合格"),"待量測") -> 待量測
B5: B3 | C5: 殘留去除率 — AOI-1 後吹 | D5: =C_清潔力紀錄!H26 -> 待量測 | E5: ≤ 5% | F5: =IF(ISNUMBER(D5),IF(ABS(D5)<=0.05,"合格","不合格"),"待量測") -> 待量測
B6: B2 | C6: 首道去除率差（AOI-1 − AOI-2） | D6: =IF(AND(ISNUMBER(C_清潔力紀錄!H23),ISNUMBER(C_清潔力紀錄!H24)),C_清潔力紀錄!H23-C_清潔力紀錄!H24,"待量測") -> 待量測 | E6: ≤ 5 個百分點 | F6: =IF(ISNUMBER(D6),IF(ABS(D6)<=0.05,"合格","不合格"),"待量測") -> 待量測
B8: =IF(COUNTIF(F3:F6,"不合格")>0,"◤ 綜合：有項目不合格，請廠商再調整後重測",IF(COUNTIF(F3:F6,"待量測")>0,"◤ 綜合：尚有項目待量測","◤ 綜合：全部合格，建議第22項改判合格")) -> ◤ 綜合：尚有項目待量測
